<?xml version="1.0" encoding="UTF-8"?>
<beans xmlns="http://www.springframework.org/schema/beans"
       xmlns:context="http://www.springframework.org/schema/context"
       xmlns:xsi="http://www.w3.org/2001/XMLSchema-instance"
       xsi:schemaLocation="http://www.springframework.org/schema/beans
        http://www.springframework.org/schema/beans/spring-beans.xsd
        http://www.springframework.org/schema/context
        http://www.springframework.org/schema/context/spring-context.xsd">
    <context:annotation-config/>

    <!-- controller -->
    <bean id="memberController" class="controller.MemberController"/>

    <bean id="reviewController" class="controller.ReviewController"/>

    <!-- service -->
    <bean id="memberService" class="service.MemberService"/>

    <!-- mapper -->
    <!--<bean id="memberMapper" class="mapper.MemberMapper"/>-->

    <bean id="sessionFactory" class="service.SessionFactory"/>

    <!-- dao -->
<!--    <bean id="memberDAO" class="dao.MemberDAO"/>-->

    <!-- dbcp -->
    <bean id="hikariConfig" class="com.zaxxer.hikari.HikariConfig">
        <property name="driverClassName" value="com.mysql.cj.jdbc.Driver"/>
        <property name="jdbcUrl" value="jdbc:mysql://localhost:3306/veganroad"/>
        <property name="username" value="root"/>
        <property name="password" value="1234"/>
    </bean>
    <bean id="dataSource" class="com.zaxxer.hikari.HikariDataSource" destroy-method="close">
        <constructor-arg ref="hikariConfig"/>
    </bean>

    <bean id="sqlSessionFactory" class="org.mybatis.spring.SqlSessionFactoryBean">
        <property name="dataSource" ref="dataSource"/>
    </bean>
</beans>